<?xml version="1.0" encoding="utf-8"?>
<manifest identifier="l6VmCqwd9axrV" xmlns="http://www.imsproject.org/xsd/imscp_rootv1p1p2" xmlns:adlcp="http://www.adlnet.org/xsd/adlcp_rootv1p2" xmlns:xsi="http://www.w3.org/2001/XMLSchema-instance" xmlns:lom="http://www.imsglobal.org/xsd/imsmd_rootv1p2p1" xsi:schemaLocation="http://www.imsproject.org/xsd/imscp_rootv1p1p2 imscp_rootv1p1p2.xsd http://www.imsglobal.org/xsd/imsmd_rootv1p2p1 imsmd_rootv1p2p1.xsd http://www.adlnet.org/xsd/adlcp_rootv1p2 adlcp_rootv1p2.xsd">
	<metadata>
		<schema>ADL SCORM</schema>
		<schemaversion>1.2</schemaversion>
		<lom:lom>
			<lom:general>
				<lom:title>
					<lom:langstring>Chapter 06   </lom:langstring>
				</lom:title>
			</lom:general>
			<lom:educational>
				<lom:typicallearningtime>
				<lom:datetime>01:00:00</lom:datetime>
				</lom:typicallearningtime>
			</lom:educational>
		</lom:lom>
	</metadata>
	<organizations default="chapter_06____organization">
		<organization identifier="chapter_06____organization">

			<title>Chapter 06   </title>
			<item identifier="95AE1B09-8DCA-435A-988F-537C4DBD6111" identifierref="resource">
				<title>Untitled Quiz</title>
			</item>
		</organization>
	</organizations>
	<resources>
		<resource identifier="resource" type="webcontent" adlcp:scormtype="sco" href="res/index.html">
			<file href="res/data/apple-touch-icon.png"/>
<file href="res/data/browsersupport.js"/>
<file href="res/data/favicon.ico"/>
<file href="res/data/fonts/fnt0.woff"/>
<file href="res/data/fonts/fnt1.woff"/>
<file href="res/data/fonts/fnt10.woff"/>
<file href="res/data/fonts/fnt11.woff"/>
<file href="res/data/fonts/fnt12.woff"/>
<file href="res/data/fonts/fnt13.woff"/>
<file href="res/data/fonts/fnt14.woff"/>
<file href="res/data/fonts/fnt15.woff"/>
<file href="res/data/fonts/fnt16.woff"/>
<file href="res/data/fonts/fnt17.woff"/>
<file href="res/data/fonts/fnt2.woff"/>
<file href="res/data/fonts/fnt3.woff"/>
<file href="res/data/fonts/fnt4.woff"/>
<file href="res/data/fonts/fnt5.woff"/>
<file href="res/data/fonts/fnt6.woff"/>
<file href="res/data/fonts/fnt7.woff"/>
<file href="res/data/fonts/fnt8.woff"/>
<file href="res/data/fonts/fnt9.woff"/>
<file href="res/data/goodbye.html"/>
<file href="res/data/html5-unsupported.html"/>
<file href="res/data/html5.png"/>
<file href="res/data/images/img-7a48884b2c529fdb27c3fd033824be98027a761a.png"/>
<file href="res/data/images/img-e1370aa8d1f938d80d4371b165c81a1bfd3974ea.png"/>
<file href="res/data/lms.js"/>
<file href="res/data/player.js"/>
<file href="res/index.html"/>

		</resource>
	</resources>
</manifest>